,Unnamed: 0,Unnamed: 0.1,nucSequence,numNucMutations,numAAMutations,uniqueBarcodes,medianBrightness,std,aaSequence
0,0,0,,1,1,1,1,0,mnfprasrlmqaavlgglmavsaaataqtnpyargpnptaasleasagpftvrsftvsrpsgygagtvyyptnaggtvgaiaivpgytarqssikwwgprlashgfvvitidtnstldqpssrssqqmaalrqvaslngtssspiygkvdtarmgvmgwsmggggslisaannpslkaaapqapwdsstnfssvtvptlifacendsiapvnssalpiydsmsrnakqfleinggshscansgnsnqaligkkgvawmkrfmdndtrystfacenpnstrvsdfrtancs
1,1,1,,1,1,2,3.1,0,mnfprasrlmqaavlgglmavsaaataqtnpyargpnptaasleasagpftvrsftvsrpsgygagtvyyptnaggtvgaiaivpgAtarqssikwwgprlashgfvvitidtnstldqpssrssqqmaalrqvaslngtssspiygkvdtarmgvmgwsmggggslisaannpslkaaapqapwdsstnfssvtvptlifacendsiapvnssalpiydsmsrnakqfleinggshscansgnsnqaligkkgvawmkrfmdndtrystfacenpnstrvsdfrtancs
2,2,2,,1,1,3,1.4,0,mnfprasrlmqaavlgglmavsaaataqtnpyargpnptaasleasagpftvrsftvsrpsgygagtvyyptnaggtvgaiaivpgytaAqssikwwgprlashgfvvitidtnstldqpssrssqqmaalrqvaslngtssspiygkvdtarmgvmgwsmggggslisaannpslkaaapqapwdsstnfssvtvptlifacendsiapvnssalpiydsmsrnakqfleinggshscansgnsnqaligkkgvawmkrfmdndtrystfacenpnstrvsdfrtancs
3,3,3,,1,1,4,2.1,0,mnfprasrlmqaavlgglmavsaaataqtnpyargpnptaasleasagpftvrsftvsrpsgygagtvyyptnaggtvgaiaivpgytarqssikwwgprlashgfvvitidtnstFdqpssrssqqmaalrqvaslngtssspiygkvdtarmgvmgwsmggggslisaannpslkaaapqapwdsstnfssvtvptlifacendsiapvnssalpiydsmsrnakqfleinggshscansgnsnqaligkkgvawmkrfmdndtrystfacenpnstrvsdfrtancs
4,4,4,,1,1,5,1.3,0,mnfprasrlmqaavlgglmavsaaataqtnpyargpnptaasleasagpftvrsftvsrpsgygagtvyyptnaggtvgaiaivpgytarqssikwwgprlashgfvvitidtnstldqpssrssqqmaalrqvaslngtssspiygkvdtarmgvmgAsmggggslisaannpslkaaapqapwdsstnfssvtvptlifacendsiapvnssalpiydsmsrnakqfleinggshscansgnsnqaligkkgvawmkrfmdndtrystfacenpnstrvsdfrtancs
5,5,5,,1,1,6,2.4,0,mnfprasrlmqaavlgglmavsaaataqtnpyargpnptaasleasagpftvrsftvsrpsgygagtvyyptnaggtvgaiaivpgytarqssikwwgprlashgfvvitidtnstldqpssrssqqmaalrqvaslngtssspiygkvdtarmgvmgHsmggggslisaannpslkaaapqapwdsstnfssvtvptlifacendsiapvnssalpiydsmsrnakqfleinggshscansgnsnqaligkkgvawmkrfmdndtrystfacenpnstrvsdfrtancs
6,6,6,,1,1,7,2.5,0,mnfprasrlmqaavlgglmavsaaataqtnpyargpnptaasleasagpftvrsftvsrpsgygagtvyyptnaggtvgaiaivpgytarqssikwwgprlashgfvvitidtnstldqpssrssqqmaalrqvaslngtssspiygkvdtarmgvmgwsmggggslisaannpslkaaapqapwdsstnfssvtvptlifacendsFapvnssalpiydsmsrnakqfleinggshscansgnsnqaligkkgvawmkrfmdndtrystfacenpnstrvsdfrtancs
7,7,7,,1,1,8,1.3,0,mnfprasrlmqaavlgglmavsaaataqtnpyargpnptaasleasagpftvrsftvsrpsgygagtvyyptnaggtvgaiaivpgytarqssikwwgprlashgfvvitidtnstldqpssrssqqmaalrqvaslngtssspiygkvdtarmgvmgwsmggggslisaannpslkaaapqapwdsstnfssvtvptlifacendsiIpvnssalpiydsmsrnakqfleinggshscansgnsnqaligkkgvawmkrfmdndtrystfacenpnstrvsdfrtancs
8,8,8,,1,1,9,1.9,0,mnfprasrlmqaavlgglmavsaaataqtnpyargpnptaasleasagpftvrsftvsrpsgygagtvyyptnaggtvgaiaivpgytarqssikwwgprlashgfvvitidtnstldqpssrssqqmaalrqvaslngtssspiygkvdtarmgvmgwsmggggslisaannpslkaaapqapwdsstnfssvtvptlifacendsiapvnsHalpiydsmsrnakqfleinggshscansgnsnqaligkkgvawmkrfmdndtrystfacenpnstrvsdfrtancs
9,9,9,,1,1,10,1.2,0,mnfprasrlmqaavlgglmavsaaataqtnpyargpnptaasleasagpftvrsftvsrpsgygagtvyyptnaggtvgaiaivpgytarqssikwwgprlashgfvvitidtnstldqpssrssqqmaalrqvaslngtssspiygkvdtarmgvmgwsmggggslisaannpslkaaapqapwdsstnfssvtvptlifacendsiapvnssalpiydsmsrnakqfleinggshscansgnsnqaligkkgvawmkrfmdndtrystfacenpnstAvsdfrtancs
10,10,10,,1,1,11,1.1,0,mnfprasrlmqaavlgglmavsaaataqtnpyargpnptaasleasagpftvrsftvsrpsgygagtvyyptnaggtvgaiaivpgytarqssikwwgprlashgfvvitidtnstldApssrssqqmaalrqvaslngtssspiygkvdtarmgvmgwsmggggslisaannpslkaaapqapwdsstnfssvtvptlifacendsiapvnssalpiydsmsrnakqfleinggshscansgnsnqaligkkgvawmkrfmdndtrystfacenpnstrvsdfrtancs
11,11,11,,1,1,12,0.7,0,mnfprasrlmqaavlgglmavsaaataqtnpyargpnptaasleasagpftvrsftvsrpsgygagtvyyptnaggtvgaiaivpgytarqssikwwgprlashgfvvitidtnstldqpssrssqqmaalrqvaslngtssspiygkvdtarmgvmgwsAggggslisaannpslkaaapqapwdsstnfssvtvptlifacendsiapvnssalpiydsmsrnakqfleinggshscansgnsnqaligkkgvawmkrfmdndtrystfacenpnstrvsdfrtancs
12,12,12,,1,1,13,0.4,0,mnfprasrlmqaavlgglmavsaaataqtnpyargpnptaasleasagpftvrsftvsrpsgygagtvyyptnaggtvgaiaivpgytarqssikwwgprlashgfvvitidtnstldqpssrssqqmaalrqvaslngtssspiygkvdtarmgvmgwsmggggslisaannpslkaaapqapAdsstnfssvtvptlifacendsiapvnssalpiydsmsrnakqfleinggshscansgnsnqaligkkgvawmkrfmdndtrystfacenpnstrvsdfrtancs
13,13,13,,1,1,14,0.75,0,mnfprasrlmqaavlgglmavsaaataqtnpyargpnptaasleasagpftvrsftvsrpsgygagtvyyptnaggtvgaiaivpgytarqssikwwgprlashgfvvitidtnstldqpssrssqqmaalrqvaslngtssspiygkvdtarmgvmgwsmggggslisaannpslkaaapqapwdsstnfssvtvptlifacendsiapvnssalpiydsmsrnakqfleinggshFcansgnsnqaligkkgvawmkrfmdndtrystfacenpnstrvsdfrtancs
14,14,14,,1,1,15,0.2,0,mnfprasrlmqaavlgglmavsaaataqtnpyargpnptaasleasagpftvrsftvsrpsgygagtvyyptnaggtvgaiaivpgytarqssikwwgprlashgfvvitidtnstldqpssAssqqmaalrqvaslngtssspiygkvdtarmgvmgwsmggggslisaannpslkaaapqapwdsstnfssvtvptlifacendsiapvnssalpiydsmsrnakqfleinggshscansgnsnqaligkkgvawmkrfmdndtrystfacenpnstrvsdfrtancs
15,15,15,,1,1,16,1.15,0,mnfprasrlmqaavlgglmavsaaataqtnpyargpnptaasleasagpftvrsftvsrpsgygagtvyyptnaggtvgaiaivpgytarqssikwwgprlashgfvvitidtnstldqpssrssqqmaalrqvaslngtssspiygkvdtarmgvmgwsmggggslisaannpslkaaapLapwdsstnfssvtvptlifacendsiapvnssalpiydsmsrnakqfleinggshscansgnsnqaligkkgvawmkrfmdndtrystfacenpnstrvsdfrtancs
,16,16,,1,1,17,0.5,0,mnfprasrlmqaavlgglmavsaaataqtnpyargpnptaasleasagpftvrsftvsrpsgygagtvyyptnaggtvgaiaivpgytarqssikwwgprlashgfvvitidtnstldqpssrssqqmaalrqvaslngtssspiygkvdtarmgvmgwsmggggslisaannpslkaaapqapwdsstnfssvtvptlifacendsAapvnssalpiydsmsrnakqfleinggshscansgnsnqaligkkgvawmkrfmdndtrystfacenpnstrvsdfrtancs
,17,17,,1,1,18,0.3,0,mnfprasrlmqaavlgglmavsaaataqtnpyargpnptaasleasagpftvrsftvsrpsgygagtvyyptnaggtvgaiaivpgytarqssikwwgprlashgfvvitidtnstldqpssrssqqmaalrqvaslngtssspiygkvdtarmgvmgwsmggggslisaannpslkaaapqapwdsstnfssvtvptlifacenTsiapvnssalpiydsmsrnakqfleinggshscansgnsnqaligkkgvawmkrfmdndtrystfacenpnstrvsdfrtancs
16,18,18,,1,1,19,0.4,0,mnfprasrlmqaavlgglmavsaaataqtnpyargpnptaasleasagpftvrsftvsrpsgygagtvyyptnaggtvgaiaivpgytarqssikwwgprlashgfvvitidtnstldqpssrssqqmaalrqvaslngtssspiygkvdtarmgvmgwsmggggslisaannpslkaaapqapwdsstnfssvtvptlifacendsiapvnssalpiydsmsrnakqfleinggsVscansgnsnqaligkkgvawmkrfmdndtrystfacenpnstrvsdfrtancs
